-- 著者データのINSERT文
INSERT INTO author (author_id, first_name, last_name, birth_year, remarks)
VALUES ('f47ac10b-58cc-4372-a567-0e02b2c3d479', '山田', '太郎', 1985, ''),
       ('1baa64f3-7c1a-4de5-b1ac-63e8a8d50a32', '佐藤', '花子', 1990, ''),
       ('c7dc2c85-b4fc-4ef3-9b67-153c27768471', '鈴木', '健太', 1978, ''),
       ('bf901d12-5be4-4e4d-b1d3-2c9f50d7b3a7', '田中', '美香', 1982, ''),
       ('e2709e1a-2ae9-4e2b-8d0e-9276e6b10fe3', '高橋', '健二', 1995, ''),
       ('ca5a6b4e-4ce6-47e6-b2b6-eb3b7194a7c1', '渡辺', '真理子', 1987, ''),
       ('ae5a9063-2116-4bde-9cb0-90d3449d42d9', '伊藤', '隆太', 1998, '');

-- 書籍データのINSERT文
INSERT INTO book (book_id, title, isbn_code, published_date, remarks)
VALUES ('ea480422-b37d-4a64-9a01-d6db8179d73f', '異世界転生', '978-4-123456-01', DATE '2021-08-12', ''),
       ('6f39c14c-31a4-4e68-9eeb-f17f7ef15b4c', '魔法学院の冒険', '978-4-123456-02', DATE '2019-06-25', ''),
       ('8d94b53a-8f18-4421-9f1c-98a1c56cc9d9', 'ダークファンタジー', '978-4-123456-03', DATE '2018-04-05', ''),
       ('30f1b31e-23e0-4ce9-a0fb-9b64b0be2b3f', '魔王と勇者の戦い', '978-4-123456-04', DATE '2022-11-30', ''),
       ('46a2923f-0ee7-422b-84a5-27c431cfda1b', '異世界召喚', '978-4-123456-05', DATE '2020-09-16', ''),
       ('2a8f7a4b-81ad-4b34-913d-40871eac9c75', '魔法使いの日常', '978-4-123456-06', DATE '2023-01-10', ''),
       ('5f893cac-bcb6-4f8e-9366-9ff7ab63dcab', '冒険者ギルドの奮闘記', '978-4-123456-07', DATE '2022-07-18', ''),
       ('f24a42ae-53fc-445d-b4e9-92f137849d7a', 'ファンタジーワールド', '978-4-123456-08', DATE '2017-12-04', ''),
       ('0a2c7f03-78d6-456e-9e7f-b3e6e787997f', '異世界迷宮探検', '978-4-123456-09', DATE '2019-03-27', ''),
       ('3a19663a-7bcf-48c4-a062-b8c03f01060d', '魔法の禁書', '978-4-123456-10', DATE '2018-10-14', ''),
       ('3f72a21e-ee29-4e29-9434-9f17a5b9f7e6', '新書の冒険', '978-4-123456-11', DATE '2020-12-08', ''),
       ('ded71aeb-7c08-4a37-b46a-50a0dce6d8a9', '迷宮の王国', '978-4-123456-12', DATE '2018-06-21', ''),
       ('67eab736-1e7f-4504-9687-3d2b27ff3fc2', '異世界物語', '978-4-123456-13', DATE '2021-02-17', ''),
       ('9f545dca-80e0-4a6a-8a01-16f447a9b3e6', 'ダークファンタジーワールド', '978-4-123456-14', DATE '2023-03-02', ''),
       ('bc76459f-7843-4e5f-8f85-6a6851b650c4', '冒険者の日常', '978-4-123456-15', DATE '2022-08-29', ''),
       ('50f22d8b-61f9-49f4-864a-4c064d595f6c', '異世界転生記', '978-4-123456-16', DATE '2021-05-11', ''),
       ('b46d2b20-9a4f-495e-bfbe-0bc65e98c3d7', '魔法学院の秘密', '978-4-123456-17', DATE '2020-02-23', ''),
       ('e99849ad-36b0-4dc2-b15f-4b18b7d416c9', '異世界の英雄', '978-4-123456-18', DATE '2019-10-06', ''),
       ('537eeb0b-3036-4a3e-8c94-b7e3a76fb9b5', '魔法使いの旅', '978-4-123456-19', DATE '2022-04-23', ''),
       ('e76bb5e2-9da0-4e7e-9e95-d26efba58660', '冒険者ギルドの絆', '978-4-123456-20', DATE '2021-11-15', '');

-- author_bookテーブルのINSERT文
INSERT INTO author_book (author_id, book_id, remarks)
VALUES ('f47ac10b-58cc-4372-a567-0e02b2c3d479', 'ea480422-b37d-4a64-9a01-d6db8179d73f', ''),
       ('1baa64f3-7c1a-4de5-b1ac-63e8a8d50a32', '6f39c14c-31a4-4e68-9eeb-f17f7ef15b4c', ''),
       ('c7dc2c85-b4fc-4ef3-9b67-153c27768471', '8d94b53a-8f18-4421-9f1c-98a1c56cc9d9', ''),
       ('bf901d12-5be4-4e4d-b1d3-2c9f50d7b3a7', '30f1b31e-23e0-4ce9-a0fb-9b64b0be2b3f', ''),
       ('e2709e1a-2ae9-4e2b-8d0e-9276e6b10fe3', '46a2923f-0ee7-422b-84a5-27c431cfda1b', ''),
       ('ca5a6b4e-4ce6-47e6-b2b6-eb3b7194a7c1', '2a8f7a4b-81ad-4b34-913d-40871eac9c75', ''),
       ('ae5a9063-2116-4bde-9cb0-90d3449d42d9', '5f893cac-bcb6-4f8e-9366-9ff7ab63dcab', ''),
       ('f47ac10b-58cc-4372-a567-0e02b2c3d479', 'f24a42ae-53fc-445d-b4e9-92f137849d7a', ''),
       ('1baa64f3-7c1a-4de5-b1ac-63e8a8d50a32', '0a2c7f03-78d6-456e-9e7f-b3e6e787997f', ''),
       ('c7dc2c85-b4fc-4ef3-9b67-153c27768471', '3a19663a-7bcf-48c4-a062-b8c03f01060d', ''),
       ('bf901d12-5be4-4e4d-b1d3-2c9f50d7b3a7', '3f72a21e-ee29-4e29-9434-9f17a5b9f7e6', ''),
       ('e2709e1a-2ae9-4e2b-8d0e-9276e6b10fe3', 'ded71aeb-7c08-4a37-b46a-50a0dce6d8a9', ''),
       ('ca5a6b4e-4ce6-47e6-b2b6-eb3b7194a7c1', '537eeb0b-3036-4a3e-8c94-b7e3a76fb9b5', ''),
       ('ae5a9063-2116-4bde-9cb0-90d3449d42d9', 'e76bb5e2-9da0-4e7e-9e95-d26efba58660', '');
